cad,singing,ID,date,region
0.083,1,ML104776411,2018-06-04,Cesar
0.067,1,ML104776411,2018-06-04,Cesar
0.128,2,ML104776411,2018-06-04,Cesar
0.131,3,ML104776411,2018-06-04,Cesar
0.159,3,ML104776411,2018-06-04,Cesar
0.159,2,ML104776411,2018-06-04,Cesar
0.126,1,ML134949711,2017-05-21,Boyaca
0.23,1,ML134949711,2017-05-21,Boyaca
0.066,1,ML134949711,2017-05-21,Boyaca
0.112,2,ML145137171,2019-02-27,Caldas
0.076,2,ML145137171,2019-02-27,Caldas
0.103,3,ML145137171,2019-02-27,Caldas
0.067,3,ML145137171,2019-02-27,Caldas
0.076,1,ML145137171,2019-02-27,Caldas
0.121,1,ML145137171,2019-02-27,Caldas
0.175,1,ML155228091,2019-04-20,Boyaca
0.05,1,ML155228091,2019-04-20,Boyaca
0.145,1,ML160994421,2019-05-26,Boyaca
0.019,1,ML160994421,2019-05-26,Boyaca
0.069,2,ML160994421,2019-05-26,Boyaca
0.133,3,ML160994421,2019-05-26,Boyaca
0.088,2,ML160994421,2019-05-26,Boyaca
0.101,3,ML160994421,2019-05-26,Boyaca
0.117,1,ML168748811,2019-07-06,Risaralda
0.158,2,ML168748811,2019-07-06,Risaralda
0.024,1,ML168748811,2019-07-06,Risaralda
0.136,3,ML168748811,2019-07-06,Risaralda
0.09,3,ML168748811,2019-07-06,Risaralda
0.068,2,ML168748811,2019-07-06,Risaralda
0.131,1,ML176085171,2019-09-07,Boyaca
0.148,1,ML176085171,2019-09-07,Boyaca
0.246,2,ML176085171,2019-09-07,Boyaca
0.15,2,ML176085171,2019-09-07,Boyaca
0.145,2,ML176085171,2019-09-07,Boyaca
0.183,3,ML176085171,2019-09-07,Boyaca
0.152,3,ML176085171,2019-09-07,Boyaca
0.129,1,ML176342261,2019-09-03,Tolima
0.124,1,ML176342261,2019-09-03,Tolima
0.232,2,ML176342261,2019-09-03,Tolima
0.146,2,ML176342261,2019-09-03,Tolima
0.124,2,ML176342261,2019-09-03,Tolima
0.229,3,ML176342261,2019-09-03,Tolima
0.099,3,ML176342261,2019-09-03,Tolima
0.069,3,ML176342261,2019-09-03,Tolima
0.16,2,ML215054161,2016-04-01,Cundinamarca
0.126,2,ML215054161,2016-04-01,Cundinamarca
0.179,1,ML215054161,2016-04-01,Cundinamarca
0.16,1,ML215054161,2016-04-01,Cundinamarca
0.134,1,ML215054161,2016-04-01,Cundinamarca
0.182,2,ML215054161,2016-04-01,Cundinamarca
0.118,2,ML215054161,2016-04-01,Cundinamarca
0.192,2,ML215054161,2016-04-01,Cundinamarca
0.158,2,ML215054161,2016-04-01,Cundinamarca
0.135,1,ML215584781,2020-03-01,Cundinamarca
0.155,1,ML215584781,2020-03-01,Cundinamarca
0.111,3,ML215584781,2020-03-01,Cundinamarca
0.163,2,ML215584781,2020-03-01,Cundinamarca
0.119,2,ML215584781,2020-03-01,Cundinamarca
0.135,3,ML215584781,2020-03-01,Cundinamarca
0.183,1,ML246946471,2019-12-09,Cundinamarca
0.108,1,ML246946471,2019-12-09,Cundinamarca
0.363,1,ML253740121,2020-08-04,Cundinamarca
0.203,1,ML253740121,2020-08-04,Cundinamarca
0.16,1,ML253740121,2020-08-04,Cundinamarca
0.128,2,ML253740121,2020-08-04,Cundinamarca
0.117,3,ML253740121,2020-08-04,Cundinamarca
0.128,3,ML253740121,2020-08-04,Cundinamarca
0.181,3,ML253740121,2020-08-04,Cundinamarca
0.171,2,ML253740121,2020-08-04,Cundinamarca
0.139,2,ML253740121,2020-08-04,Cundinamarca
0.165,1,ML264215601,2020-09-17,Cundinamarca
0.183,1,ML264215601,2020-09-17,Cundinamarca
0.208,2,ML264215601,2020-09-17,Cundinamarca
0.183,2,ML264215601,2020-09-17,Cundinamarca
0.153,2,ML264215601,2020-09-17,Cundinamarca
0.147,1,ML264215601,2020-09-17,Cundinamarca
0.214,3,ML264215601,2020-09-17,Cundinamarca
0.196,3,ML264215601,2020-09-17,Cundinamarca
0.134,3,ML264215601,2020-09-17,Cundinamarca
0.173,2,ML265449341,2020-08-21,Boyaca
0.124,2,ML265449341,2020-08-21,Boyaca
0.148,3,ML265449341,2020-08-21,Boyaca
0.105,3,ML265449341,2020-08-21,Boyaca
0.161,1,ML265449341,2020-08-21,Boyaca
0.093,1,ML265449341,2020-08-21,Boyaca
0.23,1,ML302220931,2021-01-26,Quindio
0.179,1,ML302220931,2021-01-26,Quindio
0.223,2,ML302220931,2021-01-26,Quindio
0.175,2,ML302220931,2021-01-26,Quindio
0.168,3,ML302220931,2021-01-26,Quindio
0.223,3,ML302220931,2021-01-26,Quindio
0.155,2,ML335305611,2021-04-04,Cundinamarca
0.114,2,ML335305611,2021-04-04,Cundinamarca
0.15,1,ML335305611,2021-04-04,Cundinamarca
0.134,1,ML335305611,2021-04-04,Cundinamarca
0.181,3,ML335305611,2021-04-04,Cundinamarca
0.083,3,ML335305611,2021-04-04,Cundinamarca
0.16,2,ML335305611,2021-04-04,Cundinamarca
0.175,3,ML379312001,2021-10-10,Cundinamarca
0.175,3,ML379312001,2021-10-10,Cundinamarca
0.116,1,ML379312001,2021-10-10,Cundinamarca
0.142,2,ML379312001,2021-10-10,Cundinamarca
0.168,2,ML379312001,2021-10-10,Cundinamarca
0.091,2,ML379312001,2021-10-10,Cundinamarca
0.091,3,ML379312001,2021-10-10,Cundinamarca
0.175,1,ML379312001,2021-10-10,Cundinamarca
0.181,1,ML379312001,2021-10-10,Cundinamarca
0.117,2,ML381022231,2021-10-09,Boyaca
0.208,2,ML381022231,2021-10-09,Boyaca
0.188,2,ML381022231,2021-10-09,Boyaca
0.195,3,ML381022231,2021-10-09,Boyaca
0.13,3,ML381022231,2021-10-09,Boyaca
0.201,1,ML381022231,2021-10-09,Boyaca
0.188,3,ML381022231,2021-10-09,Boyaca
0.201,1,ML381022231,2021-10-09,Boyaca
0.143,1,ML381022231,2021-10-09,Boyaca
0.163,1,ML391643051,2021-10-22,Cundinamarca
0.067,1,ML391643051,2021-10-22,Cundinamarca
0.176,1,ML391643051,2021-10-22,Cundinamarca
0.169,2,ML391643051,2021-10-22,Cundinamarca
0.115,2,ML391643051,2021-10-22,Cundinamarca
0.109,2,ML391643051,2021-10-22,Cundinamarca
0.097,3,ML391643051,2021-10-22,Cundinamarca
0.151,3,ML391643051,2021-10-22,Cundinamarca
0.127,3,ML391643051,2021-10-22,Cundinamarca
0.13,1,ML391643061,2021-10-22,Cundinamarca
0.062,1,ML391643061,2021-10-22,Cundinamarca
0.149,2,ML391643061,2021-10-22,Cundinamarca
0.055,2,ML391643061,2021-10-22,Cundinamarca
0.199,3,ML391643061,2021-10-22,Cundinamarca
0.127,3,ML391643061,2021-10-22,Cundinamarca
0.07,3,ML391643061,2021-10-22,Cundinamarca
0.213,1,ML394579371,2021-11-10,Cesar
0.097,1,ML394579371,2021-11-10,Cesar
0.084,2,ML394579371,2021-11-10,Cesar
0.104,1,ML394579371,2021-11-10,Cesar
0.065,2,ML394579371,2021-11-10,Cesar
0.181,3,ML394579371,2021-11-10,Cesar
0.065,3,ML394579371,2021-11-10,Cesar
0.104,3,ML394579371,2021-11-10,Cesar
0.22,2,ML394579371,2021-11-10,Cesar
0.075,1,ML396132321,2021-10-26,Cundinamarca
0.065,1,ML396132321,2021-10-26,Cundinamarca
0.171,2,ML396132321,2021-10-26,Cundinamarca
0.085,2,ML396132321,2021-10-26,Cundinamarca
0.155,3,ML396132321,2021-10-26,Cundinamarca
0.105,3,ML396132321,2021-10-26,Cundinamarca
0.073,1,ML400161631,2021-12-29,Cundinamarca
0.073,2,ML400161631,2021-12-29,Cundinamarca
0.103,2,ML400161631,2021-12-29,Cundinamarca
0.25,1,ML400161631,2021-12-29,Cundinamarca
0.154,1,ML400161631,2021-12-29,Cundinamarca
0.235,2,ML400161631,2021-12-29,Cundinamarca
0.213,3,ML400161631,2021-12-29,Cundinamarca
0.11,3,ML400161631,2021-12-29,Cundinamarca
0.103,3,ML400161631,2021-12-29,Cundinamarca
0.198,1,ML418927381,2022-02-22,Cundinamarca
0.177,1,ML418927381,2022-02-22,Cundinamarca
0.127,1,ML418927381,2022-02-22,Cundinamarca
0.163,3,ML418927381,2022-02-22,Cundinamarca
0.127,3,ML418927381,2022-02-22,Cundinamarca
0.205,3,ML418927381,2022-02-22,Cundinamarca
0.134,2,ML418927381,2022-02-22,Cundinamarca
0.212,2,ML418927381,2022-02-22,Cundinamarca
0.17,2,ML418927381,2022-02-22,Cundinamarca
0.189,3,ML418927411,2022-02-22,Cundinamarca
0.164,1,ML418927411,2022-02-22,Cundinamarca
0.199,1,ML418927411,2022-02-22,Cundinamarca
0.194,3,ML418927411,2022-02-22,Cundinamarca
0.114,1,ML418927411,2022-02-22,Cundinamarca
0.169,2,ML418927411,2022-02-22,Cundinamarca
0.194,2,ML418927411,2022-02-22,Cundinamarca
0.134,2,ML418927411,2022-02-22,Cundinamarca
0.129,3,ML418927411,2022-02-22,Cundinamarca
0.114,2,ML419328951,2022-02-23,Cundinamarca
0.227,2,ML419328951,2022-02-23,Cundinamarca
0.189,2,ML419328951,2022-02-23,Cundinamarca
0.171,3,ML419328951,2022-02-23,Cundinamarca
0.133,3,ML419328951,2022-02-23,Cundinamarca
0.199,1,ML419328951,2022-02-23,Cundinamarca
0.189,3,ML419328951,2022-02-23,Cundinamarca
0.18,1,ML419328951,2022-02-23,Cundinamarca
0.133,1,ML419328951,2022-02-23,Cundinamarca
0.116,1,ML432077551,2022-03-15,Risaralda
0.179,1,ML432077551,2022-03-15,Risaralda
0.097,2,ML432077551,2022-03-15,Risaralda
0.129,2,ML432077551,2022-03-15,Risaralda
0.105,3,ML432077551,2022-03-15,Risaralda
0.113,3,ML432077551,2022-03-15,Risaralda
0.158,2,ML433146461,2022-04-06,Cundinamarca
0.158,3,ML433146461,2022-04-06,Cundinamarca
0.167,3,ML433146461,2022-04-06,Cundinamarca
0.158,3,ML433146461,2022-04-06,Cundinamarca
0.175,2,ML433146461,2022-04-06,Cundinamarca
0.184,2,ML433146461,2022-04-06,Cundinamarca
0.149,1,ML433146461,2022-04-06,Cundinamarca
0.158,1,ML433146461,2022-04-06,Cundinamarca
0.184,1,ML433146461,2022-04-06,Cundinamarca
0.157,1,ML433262271,2022-04-07,Cundinamarca
0.178,1,ML433262271,2022-04-07,Cundinamarca
0.194,3,ML433262271,2022-04-07,Cundinamarca
0.163,3,ML433262271,2022-04-07,Cundinamarca
0.136,2,ML433262271,2022-04-07,Cundinamarca
0.184,2,ML433262271,2022-04-07,Cundinamarca
0.191,1,ML435163371,2022-03-19,Santander
0.203,1,ML435163371,2022-03-19,Santander
0.223,2,ML435163371,2022-03-19,Santander
0.143,1,ML435163371,2022-03-19,Santander
0.14,2,ML435163371,2022-03-19,Santander
0.194,2,ML435163371,2022-03-19,Santander
0.126,3,ML435163371,2022-03-19,Santander
0.223,3,ML435163371,2022-03-19,Santander
0.191,3,ML435163371,2022-03-19,Santander
0.224,1,ML46892261,2016-12-14,Cesar
0.207,1,ML46892261,2016-12-14,Cesar
0.169,1,ML46892261,2016-12-14,Cesar
0.201,1,ML472610061,2022-08-01,Cundinamarca
0.146,1,ML472610061,2022-08-01,Cundinamarca
0.151,3,ML472610061,2022-08-01,Cundinamarca
0.113,2,ML472610061,2022-08-01,Cundinamarca
0.226,1,ML472610061,2022-08-01,Cundinamarca
0.184,3,ML472610061,2022-08-01,Cundinamarca
0.197,2,ML472610061,2022-08-01,Cundinamarca
0.035,3,ML472770151,2022-03-26,Cesar
0.225,1,ML472770151,2022-03-26,Cesar
0.104,1,ML472770151,2022-03-26,Cesar
0.199,2,ML472770151,2022-03-26,Cesar
0.069,1,ML472770151,2022-03-26,Cesar
0.147,3,ML472770151,2022-03-26,Cesar
0.199,3,ML472770151,2022-03-26,Cesar
0.104,2,ML472770151,2022-03-26,Cesar
0.13,2,ML472770151,2022-03-26,Cesar
0.156,1,ML491945461,2023-10-09,Antioquia
0.102,1,ML491945461,2023-10-09,Antioquia
0.109,3,ML491945461,2023-10-09,Antioquia
0.254,3,ML491945461,2023-10-09,Antioquia
0.27,2,ML491945461,2023-10-09,Antioquia
0.211,2,ML491945461,2023-10-09,Antioquia
0.117,3,ML491945461,2023-10-09,Antioquia
0.125,2,ML491945461,2023-10-09,Antioquia
0.169,2,ML500026221,2022-10-20,Huila
0.077,2,ML500026221,2022-10-20,Huila
0.232,3,ML500026221,2022-10-20,Huila
0.127,2,ML500026221,2022-10-20,Huila
0.105,1,ML500026221,2022-10-20,Huila
0.042,3,ML500026221,2022-10-20,Huila
0.112,3,ML500026221,2022-10-20,Huila
0.127,1,ML500026221,2022-10-20,Huila
0.098,1,ML500026221,2022-10-20,Huila
0.087,3,ML528465711,2023-01-26,Quindio
0.114,2,ML528465711,2023-01-26,Quindio
0.175,3,ML528465711,2023-01-26,Quindio
0.128,3,ML528465711,2023-01-26,Quindio
0.269,1,ML528465711,2023-01-26,Quindio
0.141,2,ML528465711,2023-01-26,Quindio
0.188,2,ML528465711,2023-01-26,Quindio
0.188,1,ML528465711,2023-01-26,Quindio
0.074,1,ML528465711,2023-01-26,Quindio
0.217,2,ML528465751,2023-01-26,Quindio
0.121,2,ML528465751,2023-01-26,Quindio
0.113,1,ML528465751,2023-01-26,Quindio
0.095,2,ML528465751,2023-01-26,Quindio
0.199,3,ML528465751,2023-01-26,Quindio
0.195,3,ML528465751,2023-01-26,Quindio
0.082,1,ML528465751,2023-01-26,Quindio
0.208,1,ML528465751,2023-01-26,Quindio
0.13,3,ML528465751,2023-01-26,Quindio
0.189,1,ML590680711,2023-06-29,Cundinamarca
0.151,1,ML590680711,2023-06-29,Cundinamarca
0.206,1,ML590680711,2023-06-29,Cundinamarca
0.162,2,ML590680711,2023-06-29,Cundinamarca
0.216,2,ML590680711,2023-06-29,Cundinamarca
0.135,3,ML590680711,2023-06-29,Cundinamarca
0.151,2,ML590680711,2023-06-29,Cundinamarca
0.124,3,ML590680711,2023-06-29,Cundinamarca
0.203,3,ML590680711,2023-06-29,Cundinamarca
0.192,3,ML590839041,2023-06-30,Cundinamarca
0.187,2,ML590839041,2023-06-30,Cundinamarca
0.133,3,ML590839041,2023-06-30,Cundinamarca
0.187,1,ML590839041,2023-06-30,Cundinamarca
0.112,1,ML590839041,2023-06-30,Cundinamarca
0.208,1,ML590839041,2023-06-30,Cundinamarca
0.213,2,ML590839041,2023-06-30,Cundinamarca
0.192,3,ML590839041,2023-06-30,Cundinamarca
0.117,2,ML590839041,2023-06-30,Cundinamarca
0.179,1,ML606407281,2023-08-16,Cundinamarca
0.069,1,ML606407281,2023-08-16,Cundinamarca
0.129,2,ML606407281,2023-08-16,Cundinamarca
0.094,2,ML606407281,2023-08-16,Cundinamarca
0.069,3,ML606407281,2023-08-16,Cundinamarca
0.074,3,ML606407281,2023-08-16,Cundinamarca
0.048,1,ML606410871,2023-08-16,Cundinamarca
0.048,1,ML606410871,2023-08-16,Cundinamarca
0.09,3,ML606410871,2023-08-16,Cundinamarca
0.051,2,ML606410871,2023-08-16,Cundinamarca
0.039,2,ML606410871,2023-08-16,Cundinamarca
0.056,3,ML606410871,2023-08-16,Cundinamarca
0.169,2,ML610239872,2022-08-02,Cundinamarca
0.292,2,ML610239872,2022-08-02,Cundinamarca
0.133,3,ML610239872,2022-08-02,Cundinamarca
0.282,1,ML610239872,2022-08-02,Cundinamarca
0.148,3,ML610239872,2022-08-02,Cundinamarca
0.174,1,ML610239872,2022-08-02,Cundinamarca
0.212,1,ML612537754,2023-07-30,Cundinamarca
0.141,1,ML612537754,2023-07-30,Cundinamarca
0.165,2,ML612537754,2023-07-30,Cundinamarca
0.118,2,ML612537754,2023-07-30,Cundinamarca
0.122,3,ML612537754,2023-07-30,Cundinamarca
0.221,3,ML612537754,2023-07-30,Cundinamarca
0.061,1,ML612592373,2023-12-23,Antioquia
0.162,2,ML612592373,2023-12-23,Antioquia
0.149,2,ML612592373,2023-12-23,Antioquia
0.166,1,ML612592373,2023-12-23,Antioquia
0.184,3,ML612592373,2023-12-23,Antioquia
0.123,3,ML612592373,2023-12-23,Antioquia
0.114,3,ML613946456,2024-01-03,Cundinamarca
0.12,3,ML613946456,2024-01-03,Cundinamarca
0.169,2,ML613946456,2024-01-03,Cundinamarca
0.136,2,ML613946456,2024-01-03,Cundinamarca
0.125,1,ML613946456,2024-01-03,Cundinamarca
0.131,1,ML613946456,2024-01-03,Cundinamarca
0.091,1,ML614013052,2024-01-18,Cundinamarca
0.035,2,ML614013052,2024-01-18,Cundinamarca
0.042,2,ML614013052,2024-01-18,Cundinamarca
0.056,1,ML614013052,2024-01-18,Cundinamarca
0.056,3,ML614013052,2024-01-18,Cundinamarca
0.112,3,ML614013052,2024-01-18,Cundinamarca
0.164,3,ML614561334,2024-02-07,Antioquia
0.203,1,ML614561334,2024-02-07,Antioquia
0.171,2,ML614561334,2024-02-07,Antioquia
0.178,1,ML614561334,2024-02-07,Antioquia
0.185,2,ML614561334,2024-02-07,Antioquia
0.196,3,ML614561334,2024-02-07,Antioquia
0.187,3,ML614804965,2020-03-10,Antioquia
0.117,3,ML614804965,2020-03-10,Antioquia
0.137,1,ML614804965,2020-03-10,Antioquia
0.211,1,ML614804965,2020-03-10,Antioquia
0.125,2,ML614804965,2020-03-10,Antioquia
0.191,2,ML614804965,2020-03-10,Antioquia
0.356,1,ML616703718,2024-03-24,Caldas
0.18,1,ML616703718,2024-03-24,Caldas
0.119,3,ML616703718,2024-03-24,Caldas
0.143,1,ML616703718,2024-03-24,Caldas
0.208,3,ML616703718,2024-03-24,Caldas
0.131,2,ML616703718,2024-03-24,Caldas
0.172,2,ML616703718,2024-03-24,Caldas
0.229,2,ML616703718,2024-03-24,Caldas
0.164,3,ML616703718,2024-03-24,Caldas
0.016,1,ML69012591,2017-09-05,Boyaca
0.155,1,ML69012591,2017-09-05,Boyaca
0.069,3,ML69012591,2017-09-05,Boyaca
0.098,2,ML69012591,2017-09-05,Boyaca
0.167,3,ML69012591,2017-09-05,Boyaca
0.132,2,ML69012591,2017-09-05,Boyaca
0.168,3,ML83789761,2018-01-13,Boyaca
0.157,1,ML83789761,2018-01-13,Boyaca
0.118,3,ML83789761,2018-01-13,Boyaca
0.121,1,ML83789761,2018-01-13,Boyaca
0.093,2,ML83789761,2018-01-13,Boyaca
0.1,2,ML83789761,2018-01-13,Boyaca
0.059,3,ML87782381,2018-02-01,Antioquia
0.053,1,ML87782381,2018-02-01,Antioquia
0.047,1,ML87782381,2018-02-01,Antioquia
0.219,3,ML87782381,2018-02-01,Antioquia
0.035,2,ML87782381,2018-02-01,Antioquia
0.024,2,ML87782381,2018-02-01,Antioquia
0.144,2,ML90485401,2016-11-22,Cundinamarca
0.17,1,ML90485401,2016-11-22,Cundinamarca
0.146,3,ML90485401,2016-11-22,Cundinamarca
0.097,1,ML90485401,2016-11-22,Cundinamarca
0.115,2,ML90485401,2016-11-22,Cundinamarca
0.124,3,ML90485401,2016-11-22,Cundinamarca
0.179,2,ML98599161,2018-05-05,Tolima
0.165,2,ML98599161,2018-05-05,Tolima
0.187,1,ML98599161,2018-05-05,Tolima
0.088,1,ML98599161,2018-05-05,Tolima
0.116,3,ML98599161,2018-05-05,Tolima
0.172,3,ML98599161,2018-05-05,Tolima
0.1562,1,XC127873,2013-03-21,Tolima
0.1562,1,XC127873,2013-03-21,Tolima
0.1562,1,XC127873,2013-03-21,Tolima
0.1151,3,XC127873,2013-03-21,Tolima
0.1233,2,XC127873,2013-03-21,Tolima
0.1316,3,XC127873,2013-03-21,Tolima
0.1891,3,XC127873,2013-03-21,Tolima
0.148,2,XC127873,2013-03-21,Tolima
0.1727,2,XC127873,2013-03-21,Tolima
0.2406,2,XC202803,2014-11-16,Antioquia
0.1688,1,XC202803,2014-11-16,Antioquia
0.2406,3,XC202803,2014-11-16,Antioquia
0.1831,1,XC202803,2014-11-16,Antioquia
0.1652,2,XC202803,2014-11-16,Antioquia
0.1436,2,XC202803,2014-11-16,Antioquia
0.2549,1,XC202803,2014-11-16,Antioquia
0.1436,3,XC202803,2014-11-16,Antioquia
0.1939,3,XC202803,2014-11-16,Antioquia
0.1273,2,XC211072,2015-01-17,Cundinamarca
0.1809,2,XC211072,2015-01-17,Cundinamarca
0.201,3,XC211072,2015-01-17,Cundinamarca
0.1742,3,XC211072,2015-01-17,Cundinamarca
0.2244,1,XC211072,2015-01-17,Cundinamarca
0.1172,1,XC211072,2015-01-17,Cundinamarca
0.1404,2,XC211079,2015-01-10,Cundinamarca
0.1705,1,XC211079,2015-01-10,Cundinamarca
0.1505,2,XC211079,2015-01-10,Cundinamarca
0.1505,1,XC211079,2015-01-10,Cundinamarca
0.1806,3,XC211079,2015-01-10,Cundinamarca
0.1806,3,XC211079,2015-01-10,Cundinamarca
0.1673,1,XC215991,2015-03-03,Boyaca
0.1762,2,XC215991,2015-03-03,Boyaca
0.1409,1,XC215991,2015-03-03,Boyaca
0.1585,3,XC215991,2015-03-03,Boyaca
0.0969,3,XC215991,2015-03-03,Boyaca
0.1145,2,XC215991,2015-03-03,Boyaca
0.0897,3,XC245523,2015-04-08,Casanare
0.066,1,XC245523,2015-04-08,Casanare
0.1346,1,XC245523,2015-04-08,Casanare
0.0686,2,XC245523,2015-04-08,Casanare
0.1029,3,XC245523,2015-04-08,Casanare
0.0633,2,XC245523,2015-04-08,Casanare
0.1054,1,XC245534,2015-04-09,Casanare
0.1476,1,XC245534,2015-04-09,Casanare
0.0316,3,XC245534,2015-04-09,Casanare
0.1476,1,XC245534,2015-04-09,Casanare
0.1845,2,XC245534,2015-04-09,Casanare
0.116,2,XC245534,2015-04-09,Casanare
0.1423,3,XC245534,2015-04-09,Casanare
0.1792,3,XC245534,2015-04-09,Casanare
0.1054,2,XC245534,2015-04-09,Casanare
0.0726,1,XC245584,2015-04-11,Casanare
0.0391,1,XC245584,2015-04-11,Casanare
0.095,3,XC245584,2015-04-11,Casanare
0.0223,2,XC245584,2015-04-11,Casanare
0.0335,3,XC245584,2015-04-11,Casanare
0.0223,2,XC245584,2015-04-11,Casanare
0.1206,1,XC299429,2014-02-13,Risaralda
0.1419,3,XC299429,2014-02-13,Risaralda
0.1348,1,XC299429,2014-02-13,Risaralda
0.1348,3,XC299429,2014-02-13,Risaralda
0.1135,2,XC299429,2014-02-13,Risaralda
0.0709,2,XC299429,2014-02-13,Risaralda
0.0456,1,XC302211,2016-01-31,Quindio
0.0456,2,XC302211,2016-01-31,Quindio
0.0497,1,XC302211,2016-01-31,Quindio
0.0456,3,XC302211,2016-01-31,Quindio
0.0373,2,XC302211,2016-01-31,Quindio
0.0331,3,XC302211,2016-01-31,Quindio
0.1973,1,XC312397,2016-04-01,Cundinamarca
0.11,3,XC312397,2016-04-01,Cundinamarca
0.1067,3,XC312397,2016-04-01,Cundinamarca
0.0226,1,XC312397,2016-04-01,Cundinamarca
0.207,3,XC312397,2016-04-01,Cundinamarca
0.1488,2,XC312397,2016-04-01,Cundinamarca
0.1035,2,XC312397,2016-04-01,Cundinamarca
0.0614,2,XC312397,2016-04-01,Cundinamarca
0.1624,1,XC331467,2016-04-08,Antioquia
0.1687,2,XC331467,2016-04-08,Antioquia
0.1624,1,XC331467,2016-04-08,Antioquia
0.2062,2,XC331467,2016-04-08,Antioquia
0.1687,3,XC331467,2016-04-08,Antioquia
0.1749,3,XC331467,2016-04-08,Antioquia
0.1424,2,XC331468,2016-04-08,Antioquia
0.1602,2,XC331468,2016-04-08,Antioquia
0.1602,1,XC331468,2016-04-08,Antioquia
0.178,3,XC331468,2016-04-08,Antioquia
0.1424,1,XC331468,2016-04-08,Antioquia
0.1602,3,XC331468,2016-04-08,Antioquia
0.1195,1,XC376458,2017-02-11,Quindio
0.1062,2,XC376458,2017-02-11,Quindio
0.1416,2,XC376458,2017-02-11,Quindio
0.0796,3,XC376458,2017-02-11,Quindio
0.1372,3,XC376458,2017-02-11,Quindio
0.261,3,XC376458,2017-02-11,Quindio
0.0965,2,XC402340,2018-01-13,Boyaca
0.0965,1,XC402340,2018-01-13,Boyaca
0.0724,3,XC402340,2018-01-13,Boyaca
0.14,2,XC402340,2018-01-13,Boyaca
0.3524,3,XC402340,2018-01-13,Boyaca
0.0821,3,XC402340,2018-01-13,Boyaca
0.1014,1,XC402340,2018-01-13,Boyaca
0.1778,3,XC423762,2017-06-14,Tolima
0.147,1,XC423762,2017-06-14,Tolima
0.1367,2,XC423762,2017-06-14,Tolima
0.0923,1,XC423762,2017-06-14,Tolima
0.1128,2,XC423762,2017-06-14,Tolima
0.1422,3,XC423762,2017-06-14,Tolima
0.0238,2,XC432481,2018-07-08,Cundinamarca
0.0309,3,XC432481,2018-07-08,Cundinamarca
0.0523,3,XC432481,2018-07-08,Cundinamarca
0.088,2,XC432481,2018-07-08,Cundinamarca
0.0119,1,XC432481,2018-07-08,Cundinamarca
0.1522,3,XC432481,2018-07-08,Cundinamarca
0.1641,2,XC432481,2018-07-08,Cundinamarca
0.0095,1,XC432481,2018-07-08,Cundinamarca
0.1451,1,XC432481,2018-07-08,Cundinamarca
0.2279,1,XC442567,2018-11-14,Risaralda
0.2326,2,XC442567,2018-11-14,Risaralda
0.0902,1,XC442567,2018-11-14,Risaralda
0.0997,1,XC442567,2018-11-14,Risaralda
0.1946,3,XC442567,2018-11-14,Risaralda
0.1234,3,XC442567,2018-11-14,Risaralda
0.1709,2,XC442567,2018-11-14,Risaralda
0.2089,3,XC442567,2018-11-14,Risaralda
0.1139,2,XC442567,2018-11-14,Risaralda
0.1015,2,XC469911,2019-04-20,Boyaca
0.1385,3,XC469911,2019-04-20,Boyaca
0.2831,1,XC469911,2019-04-20,Boyaca
0.1816,1,XC469911,2019-04-20,Boyaca
0.0739,3,XC469911,2019-04-20,Boyaca
0.1816,2,XC469911,2019-04-20,Boyaca
0.0621,1,XC484121,2019-06-23,Santander
0.0458,2,XC484121,2019-06-23,Santander
0.0589,2,XC484121,2019-06-23,Santander
0.2257,3,XC484121,2019-06-23,Santander
0.1014,1,XC484121,2019-06-23,Santander
0.0785,3,XC484121,2019-06-23,Santander
0.0818,3,XC484121,2019-06-23,Santander
0.1796,2,XC485489,2019-06-22,Boyaca
0.1283,2,XC485489,2019-06-22,Boyaca
0.1386,1,XC485489,2019-06-22,Boyaca
0.2002,1,XC485489,2019-06-22,Boyaca
0.1694,3,XC485489,2019-06-22,Boyaca
0.1283,3,XC485489,2019-06-22,Boyaca
0.1691,2,XC538307,2020-03-10,Risaralda
0.2698,1,XC538307,2020-03-10,Risaralda
0.1973,1,XC538307,2020-03-10,Risaralda
0.157,3,XC538307,2020-03-10,Risaralda
0.2335,2,XC538307,2020-03-10,Risaralda
0.2134,3,XC538307,2020-03-10,Risaralda
0.131,2,XC550983,2020-04-26,Cundinamarca
0.1355,3,XC550983,2020-04-26,Cundinamarca
0.1355,3,XC550983,2020-04-26,Cundinamarca
0.1943,2,XC550983,2020-04-26,Cundinamarca
0.1897,1,XC550983,2020-04-26,Cundinamarca
0.131,1,XC550983,2020-04-26,Cundinamarca
0.122,2,XC550983,2020-04-26,Cundinamarca
0.14,3,XC550983,2020-04-26,Cundinamarca
0.1717,1,XC550983,2020-04-26,Cundinamarca
0.0936,2,XC572620,2020-06-08,Risaralda
0.2496,1,XC572620,2020-06-08,Risaralda
0.1976,1,XC572620,2020-06-08,Risaralda
0.0884,1,XC572620,2020-06-08,Risaralda
0.1404,3,XC572620,2020-06-08,Risaralda
0.2652,2,XC572620,2020-06-08,Risaralda
0.0988,2,XC572620,2020-06-08,Risaralda
0.0988,3,XC572620,2020-06-08,Risaralda
0.2704,3,XC572620,2020-06-08,Risaralda
0.1407,1,XC572856,2019-12-09,Cundinamarca
0.1829,2,XC572856,2019-12-09,Cundinamarca
0.2026,1,XC572856,2019-12-09,Cundinamarca
0.1998,2,XC572856,2019-12-09,Cundinamarca
0.1772,3,XC572856,2019-12-09,Cundinamarca
0.1604,3,XC572856,2019-12-09,Cundinamarca
0.1969,1,XC572856,2019-12-09,Cundinamarca
0.0732,2,XC572856,2019-12-09,Cundinamarca
0.0422,3,XC572856,2019-12-09,Cundinamarca
0.1665,1,XC585286,2020-06-21,Cundinamarca
0.0957,2,XC585286,2020-06-21,Cundinamarca
0.1332,1,XC585286,2020-06-21,Cundinamarca
0.05,3,XC585286,2020-06-21,Cundinamarca
0.0874,2,XC585286,2020-06-21,Cundinamarca
0.0957,3,XC585286,2020-06-21,Cundinamarca
0.0374,1,XC687383,2021-05-25,Santander
0.1149,2,XC687383,2021-05-25,Santander
0.131,2,XC687383,2021-05-25,Santander
0.1229,1,XC687383,2021-05-25,Santander
0.131,3,XC687383,2021-05-25,Santander
0.1149,3,XC687383,2021-05-25,Santander
0.0055,1,XC769052,2022-11-13,Cesar
0.011,2,XC769052,2022-11-13,Cesar
0.0329,1,XC769052,2022-11-13,Cesar
0.0164,3,XC769052,2022-11-13,Cesar
0.0329,3,XC769052,2022-11-13,Cesar
0.0055,2,XC769052,2022-11-13,Cesar
0.1257,1,XC771976,2022-11-11,Cesar
0.1741,2,XC771976,2022-11-11,Cesar
0.1838,1,XC771976,2022-11-11,Cesar
0.0967,3,XC771976,2022-11-11,Cesar
0.1354,3,XC771976,2022-11-11,Cesar
0.2418,2,XC771976,2022-11-11,Cesar
0.2001,1,XC786228,2023-03-15,Tolima
0.1134,1,XC786228,2023-03-15,Tolima
0.1735,2,XC786228,2023-03-15,Tolima
0.1134,2,XC786228,2023-03-15,Tolima
0.1601,3,XC786228,2023-03-15,Tolima
0.0934,3,XC786228,2023-03-15,Tolima
0.0754,1,XC854527,2023-12-07,Caldas
0.0628,2,XC854527,2023-12-07,Caldas
0.0691,2,XC854527,2023-12-07,Caldas
0.0942,1,XC854527,2023-12-07,Caldas
0.0785,3,XC854527,2023-12-07,Caldas
0.0503,3,XC854527,2023-12-07,Caldas
0.1478,1,XC871762,2024-02-07,Antioquia
0.1198,1,XC871762,2024-02-07,Antioquia
0.1997,2,XC871762,2024-02-07,Antioquia
0.1877,2,XC871762,2024-02-07,Antioquia
0.1678,3,XC871762,2024-02-07,Antioquia
0.1558,3,XC871762,2024-02-07,Antioquia
0.2194,1,XC871762,2024-02-07,Antioquia
0.1951,1,XC871762,2024-02-07,Antioquia
0.2155,2,XC871762,2024-02-07,Antioquia
0.1667,2,XC871762,2024-02-07,Antioquia
0.1781,3,XC871762,2024-02-07,Antioquia
