"","ID","singing","year","temperature","precipitation","max_temp","min_temp","elevation","date","region","low_freq_hz","high_freq_hz","delta_time_s","peak_freq_hz","total_elements","note","cad","month","season"
"1","ML104776411",1,2018,20.8678183090141,7.71742314029578,20.1989837492958,19.5666988287324,107.6432419,2018-06-04,"Cesar",1592.1,1949,0.292,1808.8,3,"d",0.067,6,2
"2","ML104776411",1,2018,20.8678183090141,7.71742314029578,20.1989837492958,19.5666988287324,107.6432419,2018-06-04,"Cesar",1592.1,1949,0.292,1808.8,3,"d",0.083,6,2
"3","ML104776411",1,2018,20.8678183090141,7.71742314029578,20.1989837492958,19.5666988287324,107.6432419,2018-06-04,"Cesar",1372.5,1866.6,0.41,1722.7,3,"d",0.067,6,2
"4","ML104776411",1,2018,20.8678183090141,7.71742314029578,20.1989837492958,19.5666988287324,107.6432419,2018-06-04,"Cesar",1372.5,1866.6,0.41,1722.7,3,"d",0.083,6,2
"5","ML104776411",1,2018,20.8678183090141,7.71742314029578,20.1989837492958,19.5666988287324,107.6432419,2018-06-04,"Cesar",1202.6,2301.4,0.296,1722.7,3,"d",0.067,6,2
"6","ML104776411",1,2018,20.8678183090141,7.71742314029578,20.1989837492958,19.5666988287324,107.6432419,2018-06-04,"Cesar",1202.6,2301.4,0.296,1722.7,3,"d",0.083,6,2
"7","ML104776411",1,2018,20.8678183090141,7.71742314029578,20.1989837492958,19.5666988287324,107.6432419,2018-06-04,"Cesar",1162.1,2300,1.16,1722.7,3,"t",0.067,6,2
"8","ML104776411",1,2018,20.8678183090141,7.71742314029578,20.1989837492958,19.5666988287324,107.6432419,2018-06-04,"Cesar",1162.1,2300,1.16,1722.7,3,"t",0.083,6,2
"9","ML104776411",2,2018,20.8678183090141,7.71742314029578,20.1989837492958,19.5666988287324,107.6432419,2018-06-04,"Cesar",1357.6,1768.9,0.368,1464.3,3,"d",0.159,6,2
"10","ML104776411",2,2018,20.8678183090141,7.71742314029578,20.1989837492958,19.5666988287324,107.6432419,2018-06-04,"Cesar",1357.6,1768.9,0.368,1464.3,3,"d",0.128,6,2
"11","ML104776411",2,2018,20.8678183090141,7.71742314029578,20.1989837492958,19.5666988287324,107.6432419,2018-06-04,"Cesar",1302.7,1810.1,0.318,1722.7,3,"d",0.159,6,2
"12","ML104776411",2,2018,20.8678183090141,7.71742314029578,20.1989837492958,19.5666988287324,107.6432419,2018-06-04,"Cesar",1302.7,1810.1,0.318,1722.7,3,"d",0.128,6,2
"13","ML104776411",2,2018,20.8678183090141,7.71742314029578,20.1989837492958,19.5666988287324,107.6432419,2018-06-04,"Cesar",1287.5,1885.9,1.355,1722.7,3,"t",0.159,6,2
"14","ML104776411",2,2018,20.8678183090141,7.71742314029578,20.1989837492958,19.5666988287324,107.6432419,2018-06-04,"Cesar",1287.5,1885.9,1.355,1722.7,3,"t",0.128,6,2
"15","ML104776411",2,2018,20.8678183090141,7.71742314029578,20.1989837492958,19.5666988287324,107.6432419,2018-06-04,"Cesar",1577,1892.4,0.368,1722.7,3,"d",0.159,6,2
"16","ML104776411",2,2018,20.8678183090141,7.71742314029578,20.1989837492958,19.5666988287324,107.6432419,2018-06-04,"Cesar",1577,1892.4,0.368,1722.7,3,"d",0.128,6,2
"17","ML104776411",3,2018,20.8678183090141,7.71742314029578,20.1989837492958,19.5666988287324,107.6432419,2018-06-04,"Cesar",1589.5,1893.9,0.259,1722.7,3,"d",0.159,6,2
"18","ML104776411",3,2018,20.8678183090141,7.71742314029578,20.1989837492958,19.5666988287324,107.6432419,2018-06-04,"Cesar",1589.5,1893.9,0.259,1722.7,3,"d",0.131,6,2
"19","ML104776411",3,2018,20.8678183090141,7.71742314029578,20.1989837492958,19.5666988287324,107.6432419,2018-06-04,"Cesar",1403.5,1843.1,0.337,1722.7,3,"d",0.159,6,2
"20","ML104776411",3,2018,20.8678183090141,7.71742314029578,20.1989837492958,19.5666988287324,107.6432419,2018-06-04,"Cesar",1403.5,1843.1,0.337,1722.7,3,"d",0.131,6,2
"21","ML104776411",3,2018,20.8678183090141,7.71742314029578,20.1989837492958,19.5666988287324,107.6432419,2018-06-04,"Cesar",1318.9,1775.5,0.315,1464.3,3,"d",0.159,6,2
"22","ML104776411",3,2018,20.8678183090141,7.71742314029578,20.1989837492958,19.5666988287324,107.6432419,2018-06-04,"Cesar",1318.9,1775.5,0.315,1464.3,3,"d",0.131,6,2
"23","ML104776411",3,2018,20.8678183090141,7.71742314029578,20.1989837492958,19.5666988287324,107.6432419,2018-06-04,"Cesar",1318.9,1893.9,1.205,1464.3,3,"t",0.159,6,2
"24","ML104776411",3,2018,20.8678183090141,7.71742314029578,20.1989837492958,19.5666988287324,107.6432419,2018-06-04,"Cesar",1318.9,1893.9,1.205,1464.3,3,"t",0.131,6,2
"25","ML394579371",1,2021,20.8678183090141,7.71742314029578,20.1989837492958,19.5666988287324,133.4256897,2021-11-10,"Cesar",1538.4,1890.9,0.485,1722.7,4,"d",0.104,11,2
"26","ML394579371",1,2021,20.8678183090141,7.71742314029578,20.1989837492958,19.5666988287324,133.4256897,2021-11-10,"Cesar",1538.4,1890.9,0.485,1722.7,4,"d",0.097,11,2
"27","ML394579371",1,2021,20.8678183090141,7.71742314029578,20.1989837492958,19.5666988287324,133.4256897,2021-11-10,"Cesar",1538.4,1890.9,0.485,1722.7,4,"d",0.213,11,2
"28","ML394579371",1,2021,20.8678183090141,7.71742314029578,20.1989837492958,19.5666988287324,133.4256897,2021-11-10,"Cesar",1346.1,1730.7,0.485,1550.4,4,"d",0.104,11,2
"29","ML394579371",1,2021,20.8678183090141,7.71742314029578,20.1989837492958,19.5666988287324,133.4256897,2021-11-10,"Cesar",1346.1,1730.7,0.485,1550.4,4,"d",0.097,11,2
"30","ML394579371",1,2021,20.8678183090141,7.71742314029578,20.1989837492958,19.5666988287324,133.4256897,2021-11-10,"Cesar",1346.1,1730.7,0.485,1550.4,4,"d",0.213,11,2
"31","ML394579371",1,2021,20.8678183090141,7.71742314029578,20.1989837492958,19.5666988287324,133.4256897,2021-11-10,"Cesar",1282,1858.9,0.349,1550.4,4,"d",0.104,11,2
"32","ML394579371",1,2021,20.8678183090141,7.71742314029578,20.1989837492958,19.5666988287324,133.4256897,2021-11-10,"Cesar",1282,1858.9,0.349,1550.4,4,"d",0.097,11,2
"33","ML394579371",1,2021,20.8678183090141,7.71742314029578,20.1989837492958,19.5666988287324,133.4256897,2021-11-10,"Cesar",1282,1858.9,0.349,1550.4,4,"d",0.213,11,2
"34","ML394579371",1,2021,20.8678183090141,7.71742314029578,20.1989837492958,19.5666988287324,133.4256897,2021-11-10,"Cesar",1506.3,1858.9,0.11,1722.7,4,"a",0.104,11,2
"35","ML394579371",1,2021,20.8678183090141,7.71742314029578,20.1989837492958,19.5666988287324,133.4256897,2021-11-10,"Cesar",1506.3,1858.9,0.11,1722.7,4,"a",0.097,11,2
"36","ML394579371",1,2021,20.8678183090141,7.71742314029578,20.1989837492958,19.5666988287324,133.4256897,2021-11-10,"Cesar",1506.3,1858.9,0.11,1722.7,4,"a",0.213,11,2
"37","ML394579371",1,2021,20.8678183090141,7.71742314029578,20.1989837492958,19.5666988287324,133.4256897,2021-11-10,"Cesar",1089.7,1890.9,1.85,1550.4,4,"t",0.104,11,2
"38","ML394579371",1,2021,20.8678183090141,7.71742314029578,20.1989837492958,19.5666988287324,133.4256897,2021-11-10,"Cesar",1089.7,1890.9,1.85,1550.4,4,"t",0.097,11,2
"39","ML394579371",1,2021,20.8678183090141,7.71742314029578,20.1989837492958,19.5666988287324,133.4256897,2021-11-10,"Cesar",1089.7,1890.9,1.85,1550.4,4,"t",0.213,11,2
"40","ML394579371",2,2021,20.8678183090141,7.71742314029578,20.1989837492958,19.5666988287324,133.4256897,2021-11-10,"Cesar",1415.4,1862.3,0.078,1722.7,4,"a",0.22,11,2
"41","ML394579371",2,2021,20.8678183090141,7.71742314029578,20.1989837492958,19.5666988287324,133.4256897,2021-11-10,"Cesar",1415.4,1862.3,0.078,1722.7,4,"a",0.065,11,2
"42","ML394579371",2,2021,20.8678183090141,7.71742314029578,20.1989837492958,19.5666988287324,133.4256897,2021-11-10,"Cesar",1415.4,1862.3,0.078,1722.7,4,"a",0.084,11,2
"43","ML394579371",2,2021,20.8678183090141,7.71742314029578,20.1989837492958,19.5666988287324,133.4256897,2021-11-10,"Cesar",1191.9,1862.3,0.479,1636.5,4,"d",0.22,11,2
"44","ML394579371",2,2021,20.8678183090141,7.71742314029578,20.1989837492958,19.5666988287324,133.4256897,2021-11-10,"Cesar",1191.9,1862.3,0.479,1636.5,4,"d",0.065,11,2
"45","ML394579371",2,2021,20.8678183090141,7.71742314029578,20.1989837492958,19.5666988287324,133.4256897,2021-11-10,"Cesar",1191.9,1862.3,0.479,1636.5,4,"d",0.084,11,2
"46","ML394579371",2,2021,20.8678183090141,7.71742314029578,20.1989837492958,19.5666988287324,133.4256897,2021-11-10,"Cesar",744.9,2011.3,1.837,1722.7,4,"t",0.22,11,2
"47","ML394579371",2,2021,20.8678183090141,7.71742314029578,20.1989837492958,19.5666988287324,133.4256897,2021-11-10,"Cesar",744.9,2011.3,1.837,1722.7,4,"t",0.065,11,2
"48","ML394579371",2,2021,20.8678183090141,7.71742314029578,20.1989837492958,19.5666988287324,133.4256897,2021-11-10,"Cesar",744.9,2011.3,1.837,1722.7,4,"t",0.084,11,2
"49","ML394579371",2,2021,20.8678183090141,7.71742314029578,20.1989837492958,19.5666988287324,133.4256897,2021-11-10,"Cesar",1340.9,2011.3,0.511,1722.7,4,"d",0.22,11,2
"50","ML394579371",2,2021,20.8678183090141,7.71742314029578,20.1989837492958,19.5666988287324,133.4256897,2021-11-10,"Cesar",1340.9,2011.3,0.511,1722.7,4,"d",0.065,11,2
"51","ML394579371",2,2021,20.8678183090141,7.71742314029578,20.1989837492958,19.5666988287324,133.4256897,2021-11-10,"Cesar",1340.9,2011.3,0.511,1722.7,4,"d",0.084,11,2
"52","ML394579371",2,2021,20.8678183090141,7.71742314029578,20.1989837492958,19.5666988287324,133.4256897,2021-11-10,"Cesar",744.9,1862.3,0.356,1722.7,4,"d",0.22,11,2
"53","ML394579371",2,2021,20.8678183090141,7.71742314029578,20.1989837492958,19.5666988287324,133.4256897,2021-11-10,"Cesar",744.9,1862.3,0.356,1722.7,4,"d",0.065,11,2
"54","ML394579371",2,2021,20.8678183090141,7.71742314029578,20.1989837492958,19.5666988287324,133.4256897,2021-11-10,"Cesar",744.9,1862.3,0.356,1722.7,4,"d",0.084,11,2
"55","ML394579371",3,2021,20.8678183090141,7.71742314029578,20.1989837492958,19.5666988287324,133.4256897,2021-11-10,"Cesar",1415.4,1923,0.116,1808.8,4,"a",0.104,11,2
"56","ML394579371",3,2021,20.8678183090141,7.71742314029578,20.1989837492958,19.5666988287324,133.4256897,2021-11-10,"Cesar",1415.4,1923,0.116,1808.8,4,"a",0.181,11,2
"57","ML394579371",3,2021,20.8678183090141,7.71742314029578,20.1989837492958,19.5666988287324,133.4256897,2021-11-10,"Cesar",1415.4,1923,0.116,1808.8,4,"a",0.065,11,2
"58","ML394579371",3,2021,20.8678183090141,7.71742314029578,20.1989837492958,19.5666988287324,133.4256897,2021-11-10,"Cesar",839.7,1898.3,1.928,1636.5,4,"t",0.104,11,2
"59","ML394579371",3,2021,20.8678183090141,7.71742314029578,20.1989837492958,19.5666988287324,133.4256897,2021-11-10,"Cesar",839.7,1898.3,1.928,1636.5,4,"t",0.181,11,2
"60","ML394579371",3,2021,20.8678183090141,7.71742314029578,20.1989837492958,19.5666988287324,133.4256897,2021-11-10,"Cesar",839.7,1898.3,1.928,1636.5,4,"t",0.065,11,2
"61","ML394579371",3,2021,20.8678183090141,7.71742314029578,20.1989837492958,19.5666988287324,133.4256897,2021-11-10,"Cesar",1538.4,1820.4,0.53,1722.7,4,"d",0.104,11,2
"62","ML394579371",3,2021,20.8678183090141,7.71742314029578,20.1989837492958,19.5666988287324,133.4256897,2021-11-10,"Cesar",1538.4,1820.4,0.53,1722.7,4,"d",0.181,11,2
"63","ML394579371",3,2021,20.8678183090141,7.71742314029578,20.1989837492958,19.5666988287324,133.4256897,2021-11-10,"Cesar",1538.4,1820.4,0.53,1722.7,4,"d",0.065,11,2
"64","ML394579371",3,2021,20.8678183090141,7.71742314029578,20.1989837492958,19.5666988287324,133.4256897,2021-11-10,"Cesar",871.7,1769.1,0.459,1636.5,4,"d",0.104,11,2
"65","ML394579371",3,2021,20.8678183090141,7.71742314029578,20.1989837492958,19.5666988287324,133.4256897,2021-11-10,"Cesar",871.7,1769.1,0.459,1636.5,4,"d",0.181,11,2
"66","ML394579371",3,2021,20.8678183090141,7.71742314029578,20.1989837492958,19.5666988287324,133.4256897,2021-11-10,"Cesar",871.7,1769.1,0.459,1636.5,4,"d",0.065,11,2
"67","ML394579371",3,2021,20.8678183090141,7.71742314029578,20.1989837492958,19.5666988287324,133.4256897,2021-11-10,"Cesar",1307.6,1846,0.446,1636.5,4,"d",0.104,11,2
"68","ML394579371",3,2021,20.8678183090141,7.71742314029578,20.1989837492958,19.5666988287324,133.4256897,2021-11-10,"Cesar",1307.6,1846,0.446,1636.5,4,"d",0.181,11,2
"69","ML394579371",3,2021,20.8678183090141,7.71742314029578,20.1989837492958,19.5666988287324,133.4256897,2021-11-10,"Cesar",1307.6,1846,0.446,1636.5,4,"d",0.065,11,2
"70","ML46892261",1,2016,22.0886230825,0.690690257,21.760508685,21.0684662825,133.4256897,2016-12-14,"Cesar",1363.6,1714.3,0.424,1593.8,4,"d",0.207,12,1
"71","ML46892261",1,2016,22.0886230825,0.690690257,21.760508685,21.0684662825,133.4256897,2016-12-14,"Cesar",1363.6,1714.3,0.424,1593.8,4,"d",0.169,12,1
"72","ML46892261",1,2016,22.0886230825,0.690690257,21.760508685,21.0684662825,133.4256897,2016-12-14,"Cesar",1363.6,1714.3,0.424,1593.8,4,"d",0.224,12,1
"73","ML46892261",1,2016,22.0886230825,0.690690257,21.760508685,21.0684662825,133.4256897,2016-12-14,"Cesar",1285.2,1882.9,0.088,1687.5,4,"a",0.207,12,1
"74","ML46892261",1,2016,22.0886230825,0.690690257,21.760508685,21.0684662825,133.4256897,2016-12-14,"Cesar",1285.2,1882.9,0.088,1687.5,4,"a",0.169,12,1
"75","ML46892261",1,2016,22.0886230825,0.690690257,21.760508685,21.0684662825,133.4256897,2016-12-14,"Cesar",1285.2,1882.9,0.088,1687.5,4,"a",0.224,12,1
"76","ML46892261",1,2016,22.0886230825,0.690690257,21.760508685,21.0684662825,133.4256897,2016-12-14,"Cesar",1196.5,1806.9,1.91,1593.8,4,"t",0.207,12,1
"77","ML46892261",1,2016,22.0886230825,0.690690257,21.760508685,21.0684662825,133.4256897,2016-12-14,"Cesar",1196.5,1806.9,1.91,1593.8,4,"t",0.169,12,1
"78","ML46892261",1,2016,22.0886230825,0.690690257,21.760508685,21.0684662825,133.4256897,2016-12-14,"Cesar",1196.5,1806.9,1.91,1593.8,4,"t",0.224,12,1
"79","ML46892261",1,2016,22.0886230825,0.690690257,21.760508685,21.0684662825,133.4256897,2016-12-14,"Cesar",1507.6,1761.7,0.457,1687.5,4,"d",0.207,12,1
"80","ML46892261",1,2016,22.0886230825,0.690690257,21.760508685,21.0684662825,133.4256897,2016-12-14,"Cesar",1507.6,1761.7,0.457,1687.5,4,"d",0.169,12,1
"81","ML46892261",1,2016,22.0886230825,0.690690257,21.760508685,21.0684662825,133.4256897,2016-12-14,"Cesar",1507.6,1761.7,0.457,1687.5,4,"d",0.224,12,1
"82","ML46892261",1,2016,22.0886230825,0.690690257,21.760508685,21.0684662825,133.4256897,2016-12-14,"Cesar",1330,1823.2,0.331,1593.8,4,"d",0.207,12,1
"83","ML46892261",1,2016,22.0886230825,0.690690257,21.760508685,21.0684662825,133.4256897,2016-12-14,"Cesar",1330,1823.2,0.331,1593.8,4,"d",0.169,12,1
"84","ML46892261",1,2016,22.0886230825,0.690690257,21.760508685,21.0684662825,133.4256897,2016-12-14,"Cesar",1330,1823.2,0.331,1593.8,4,"d",0.224,12,1
"85","ML472770151",1,2022,22.0886230825,0.690690257,21.760508685,21.0684662825,121.8756256,2022-03-26,"Cesar",1187.5,1875,0.544,1500,4,"d",0.069,3,1
"86","ML472770151",1,2022,22.0886230825,0.690690257,21.760508685,21.0684662825,121.8756256,2022-03-26,"Cesar",1187.5,1875,0.544,1500,4,"d",0.104,3,1
"87","ML472770151",1,2022,22.0886230825,0.690690257,21.760508685,21.0684662825,121.8756256,2022-03-26,"Cesar",1187.5,1875,0.544,1500,4,"d",0.225,3,1
"88","ML472770151",1,2022,22.0886230825,0.690690257,21.760508685,21.0684662825,121.8756256,2022-03-26,"Cesar",1000,1812.5,0.492,1687.5,4,"d",0.069,3,1
"89","ML472770151",1,2022,22.0886230825,0.690690257,21.760508685,21.0684662825,121.8756256,2022-03-26,"Cesar",1000,1812.5,0.492,1687.5,4,"d",0.104,3,1
"90","ML472770151",1,2022,22.0886230825,0.690690257,21.760508685,21.0684662825,121.8756256,2022-03-26,"Cesar",1000,1812.5,0.492,1687.5,4,"d",0.225,3,1
"91","ML472770151",1,2022,22.0886230825,0.690690257,21.760508685,21.0684662825,121.8756256,2022-03-26,"Cesar",796.6,1796.6,2.099,1687.5,4,"t",0.069,3,1
"92","ML472770151",1,2022,22.0886230825,0.690690257,21.760508685,21.0684662825,121.8756256,2022-03-26,"Cesar",796.6,1796.6,2.099,1687.5,4,"t",0.104,3,1
"93","ML472770151",1,2022,22.0886230825,0.690690257,21.760508685,21.0684662825,121.8756256,2022-03-26,"Cesar",796.6,1796.6,2.099,1687.5,4,"t",0.225,3,1
"94","ML472770151",1,2022,22.0886230825,0.690690257,21.760508685,21.0684662825,121.8756256,2022-03-26,"Cesar",1250,2000,0.095,1687.5,4,"a",0.069,3,1
"95","ML472770151",1,2022,22.0886230825,0.690690257,21.760508685,21.0684662825,121.8756256,2022-03-26,"Cesar",1250,2000,0.095,1687.5,4,"a",0.104,3,1
"96","ML472770151",1,2022,22.0886230825,0.690690257,21.760508685,21.0684662825,121.8756256,2022-03-26,"Cesar",1250,2000,0.095,1687.5,4,"a",0.225,3,1
"97","ML472770151",1,2022,22.0886230825,0.690690257,21.760508685,21.0684662825,121.8756256,2022-03-26,"Cesar",1375,2000,0.544,1781.2,4,"d",0.069,3,1
"98","ML472770151",1,2022,22.0886230825,0.690690257,21.760508685,21.0684662825,121.8756256,2022-03-26,"Cesar",1375,2000,0.544,1781.2,4,"d",0.104,3,1
"99","ML472770151",1,2022,22.0886230825,0.690690257,21.760508685,21.0684662825,121.8756256,2022-03-26,"Cesar",1375,2000,0.544,1781.2,4,"d",0.225,3,1
"100","ML472770151",2,2022,22.0886230825,0.690690257,21.760508685,21.0684662825,121.8756256,2022-03-26,"Cesar",1473.7,1894.7,0.492,1500,4,"d",0.104,3,1
"101","ML472770151",2,2022,22.0886230825,0.690690257,21.760508685,21.0684662825,121.8756256,2022-03-26,"Cesar",1473.7,1894.7,0.492,1500,4,"d",0.13,3,1
"102","ML472770151",2,2022,22.0886230825,0.690690257,21.760508685,21.0684662825,121.8756256,2022-03-26,"Cesar",1473.7,1894.7,0.492,1500,4,"d",0.199,3,1
"103","ML472770151",2,2022,22.0886230825,0.690690257,21.760508685,21.0684662825,121.8756256,2022-03-26,"Cesar",1052.6,2000,0.38,1687.5,4,"d",0.104,3,1
"104","ML472770151",2,2022,22.0886230825,0.690690257,21.760508685,21.0684662825,121.8756256,2022-03-26,"Cesar",1052.6,2000,0.38,1687.5,4,"d",0.13,3,1
"105","ML472770151",2,2022,22.0886230825,0.690690257,21.760508685,21.0684662825,121.8756256,2022-03-26,"Cesar",1052.6,2000,0.38,1687.5,4,"d",0.199,3,1
"106","ML472770151",2,2022,22.0886230825,0.690690257,21.760508685,21.0684662825,121.8756256,2022-03-26,"Cesar",1157.9,2105.3,0.121,1687.5,4,"a",0.104,3,1
"107","ML472770151",2,2022,22.0886230825,0.690690257,21.760508685,21.0684662825,121.8756256,2022-03-26,"Cesar",1157.9,2105.3,0.121,1687.5,4,"a",0.13,3,1
"108","ML472770151",2,2022,22.0886230825,0.690690257,21.760508685,21.0684662825,121.8756256,2022-03-26,"Cesar",1157.9,2105.3,0.121,1687.5,4,"a",0.199,3,1
"109","ML472770151",2,2022,22.0886230825,0.690690257,21.760508685,21.0684662825,121.8756256,2022-03-26,"Cesar",954.5,1796.6,0.527,1781.2,4,"d",0.104,3,1
"110","ML472770151",2,2022,22.0886230825,0.690690257,21.760508685,21.0684662825,121.8756256,2022-03-26,"Cesar",954.5,1796.6,0.527,1781.2,4,"d",0.13,3,1
"111","ML472770151",2,2022,22.0886230825,0.690690257,21.760508685,21.0684662825,121.8756256,2022-03-26,"Cesar",954.5,1796.6,0.527,1781.2,4,"d",0.199,3,1
"112","ML472770151",2,2022,22.0886230825,0.690690257,21.760508685,21.0684662825,121.8756256,2022-03-26,"Cesar",1058.8,2105.3,1.987,1687.5,4,"t",0.104,3,1
"113","ML472770151",2,2022,22.0886230825,0.690690257,21.760508685,21.0684662825,121.8756256,2022-03-26,"Cesar",1058.8,2105.3,1.987,1687.5,4,"t",0.13,3,1
"114","ML472770151",2,2022,22.0886230825,0.690690257,21.760508685,21.0684662825,121.8756256,2022-03-26,"Cesar",1058.8,2105.3,1.987,1687.5,4,"t",0.199,3,1
"115","ML472770151",3,2022,22.0886230825,0.690690257,21.760508685,21.0684662825,121.8756256,2022-03-26,"Cesar",1176.5,1941.2,1.538,1687.5,4,"t",0.147,3,1
"116","ML472770151",3,2022,22.0886230825,0.690690257,21.760508685,21.0684662825,121.8756256,2022-03-26,"Cesar",1176.5,1941.2,1.538,1687.5,4,"t",0.199,3,1
"117","ML472770151",3,2022,22.0886230825,0.690690257,21.760508685,21.0684662825,121.8756256,2022-03-26,"Cesar",1176.5,1941.2,1.538,1687.5,4,"t",0.035,3,1
"118","ML472770151",3,2022,22.0886230825,0.690690257,21.760508685,21.0684662825,121.8756256,2022-03-26,"Cesar",1411.8,1941.2,0.406,1781.2,4,"d",0.147,3,1
"119","ML472770151",3,2022,22.0886230825,0.690690257,21.760508685,21.0684662825,121.8756256,2022-03-26,"Cesar",1411.8,1941.2,0.406,1781.2,4,"d",0.199,3,1
"120","ML472770151",3,2022,22.0886230825,0.690690257,21.760508685,21.0684662825,121.8756256,2022-03-26,"Cesar",1411.8,1941.2,0.406,1781.2,4,"d",0.035,3,1
"121","ML472770151",3,2022,22.0886230825,0.690690257,21.760508685,21.0684662825,121.8756256,2022-03-26,"Cesar",1294.1,1823.5,0.346,1593.8,4,"d",0.147,3,1
"122","ML472770151",3,2022,22.0886230825,0.690690257,21.760508685,21.0684662825,121.8756256,2022-03-26,"Cesar",1294.1,1823.5,0.346,1593.8,4,"d",0.199,3,1
"123","ML472770151",3,2022,22.0886230825,0.690690257,21.760508685,21.0684662825,121.8756256,2022-03-26,"Cesar",1294.1,1823.5,0.346,1593.8,4,"d",0.035,3,1
"124","ML472770151",3,2022,22.0886230825,0.690690257,21.760508685,21.0684662825,121.8756256,2022-03-26,"Cesar",1294.1,1941.2,0.259,1687.5,4,"d",0.147,3,1
"125","ML472770151",3,2022,22.0886230825,0.690690257,21.760508685,21.0684662825,121.8756256,2022-03-26,"Cesar",1294.1,1941.2,0.259,1687.5,4,"d",0.199,3,1
"126","ML472770151",3,2022,22.0886230825,0.690690257,21.760508685,21.0684662825,121.8756256,2022-03-26,"Cesar",1294.1,1941.2,0.259,1687.5,4,"d",0.035,3,1
"127","ML472770151",3,2022,22.0886230825,0.690690257,21.760508685,21.0684662825,121.8756256,2022-03-26,"Cesar",1176.5,1823.5,0.13,1593.8,4,"a",0.147,3,1
"128","ML472770151",3,2022,22.0886230825,0.690690257,21.760508685,21.0684662825,121.8756256,2022-03-26,"Cesar",1176.5,1823.5,0.13,1593.8,4,"a",0.199,3,1
"129","ML472770151",3,2022,22.0886230825,0.690690257,21.760508685,21.0684662825,121.8756256,2022-03-26,"Cesar",1176.5,1823.5,0.13,1593.8,4,"a",0.035,3,1
"130","XC245523",1,2015,20.8678183090141,7.71742314029578,20.1989837492958,19.5666988287324,1661.50708,2015-04-08,"Casanare",1494.2,1897,0.3166,1781.25,3,"d",0.1346,4,2
"131","XC245523",1,2015,20.8678183090141,7.71742314029578,20.1989837492958,19.5666988287324,1661.50708,2015-04-08,"Casanare",1494.2,1897,0.3166,1781.25,3,"d",0.066,4,2
"132","XC245523",1,2015,20.8678183090141,7.71742314029578,20.1989837492958,19.5666988287324,1661.50708,2015-04-08,"Casanare",1467.4,2058.1,0.314,1687.5,3,"d",0.1346,4,2
"133","XC245523",1,2015,20.8678183090141,7.71742314029578,20.1989837492958,19.5666988287324,1661.50708,2015-04-08,"Casanare",1467.4,2058.1,0.314,1687.5,3,"d",0.066,4,2
"134","XC245523",1,2015,20.8678183090141,7.71742314029578,20.1989837492958,19.5666988287324,1661.50708,2015-04-08,"Casanare",1333.1,1897,1.1927,1687.5,3,"t",0.1346,4,2
"135","XC245523",1,2015,20.8678183090141,7.71742314029578,20.1989837492958,19.5666988287324,1661.50708,2015-04-08,"Casanare",1333.1,1897,1.1927,1687.5,3,"t",0.066,4,2
"136","XC245523",1,2015,20.8678183090141,7.71742314029578,20.1989837492958,19.5666988287324,1661.50708,2015-04-08,"Casanare",1306.3,1950.7,0.3483,1687.5,3,"d",0.1346,4,2
"137","XC245523",1,2015,20.8678183090141,7.71742314029578,20.1989837492958,19.5666988287324,1661.50708,2015-04-08,"Casanare",1306.3,1950.7,0.3483,1687.5,3,"d",0.066,4,2
"138","XC245523",2,2015,20.8678183090141,7.71742314029578,20.1989837492958,19.5666988287324,1661.50708,2015-04-08,"Casanare",1467.4,1977.6,0.4064,1687.5,3,"d",0.0686,4,2
"139","XC245523",2,2015,20.8678183090141,7.71742314029578,20.1989837492958,19.5666988287324,1661.50708,2015-04-08,"Casanare",1467.4,1977.6,0.4064,1687.5,3,"d",0.0633,4,2
"140","XC245523",2,2015,20.8678183090141,7.71742314029578,20.1989837492958,19.5666988287324,1661.50708,2015-04-08,"Casanare",1547.9,1843.3,0.4354,1781.25,3,"d",0.0686,4,2
"141","XC245523",2,2015,20.8678183090141,7.71742314029578,20.1989837492958,19.5666988287324,1661.50708,2015-04-08,"Casanare",1547.9,1843.3,0.4354,1781.25,3,"d",0.0633,4,2
"142","XC245523",2,2015,20.8678183090141,7.71742314029578,20.1989837492958,19.5666988287324,1661.50708,2015-04-08,"Casanare",1413.7,1950.7,0.4222,1687.5,3,"d",0.0686,4,2
"143","XC245523",2,2015,20.8678183090141,7.71742314029578,20.1989837492958,19.5666988287324,1661.50708,2015-04-08,"Casanare",1413.7,1950.7,0.4222,1687.5,3,"d",0.0633,4,2
"144","XC245523",2,2015,20.8678183090141,7.71742314029578,20.1989837492958,19.5666988287324,1661.50708,2015-04-08,"Casanare",1440.5,1923.9,1.4064,1687.5,3,"t",0.0686,4,2
"145","XC245523",2,2015,20.8678183090141,7.71742314029578,20.1989837492958,19.5666988287324,1661.50708,2015-04-08,"Casanare",1440.5,1923.9,1.4064,1687.5,3,"t",0.0633,4,2
"146","XC245523",3,2015,20.8678183090141,7.71742314029578,20.1989837492958,19.5666988287324,1661.50708,2015-04-08,"Casanare",1360,2031.3,0.4011,1781.25,3,"d",0.1029,4,2
"147","XC245523",3,2015,20.8678183090141,7.71742314029578,20.1989837492958,19.5666988287324,1661.50708,2015-04-08,"Casanare",1360,2031.3,0.4011,1781.25,3,"d",0.0897,4,2
"148","XC245523",3,2015,20.8678183090141,7.71742314029578,20.1989837492958,19.5666988287324,1661.50708,2015-04-08,"Casanare",1494.2,2031.3,0.3641,1781.25,3,"d",0.1029,4,2
"149","XC245523",3,2015,20.8678183090141,7.71742314029578,20.1989837492958,19.5666988287324,1661.50708,2015-04-08,"Casanare",1494.2,2031.3,0.3641,1781.25,3,"d",0.0897,4,2
"150","XC245523",3,2015,20.8678183090141,7.71742314029578,20.1989837492958,19.5666988287324,1661.50708,2015-04-08,"Casanare",1360,1950.7,1.2481,1781.25,3,"t",0.1029,4,2
"151","XC245523",3,2015,20.8678183090141,7.71742314029578,20.1989837492958,19.5666988287324,1661.50708,2015-04-08,"Casanare",1360,1950.7,1.2481,1781.25,3,"t",0.0897,4,2
"152","XC245523",3,2015,20.8678183090141,7.71742314029578,20.1989837492958,19.5666988287324,1661.50708,2015-04-08,"Casanare",1547.9,1977.6,0.2771,1781.25,3,"d",0.1029,4,2
"153","XC245523",3,2015,20.8678183090141,7.71742314029578,20.1989837492958,19.5666988287324,1661.50708,2015-04-08,"Casanare",1547.9,1977.6,0.2771,1781.25,3,"d",0.0897,4,2
"154","XC245534",1,2015,20.8678183090141,7.71742314029578,20.1989837492958,19.5666988287324,1661.50708,2015-04-09,"Casanare",1525.9,1898,0.4111,1781.25,4,"d",0.1054,4,2
"155","XC245534",1,2015,20.8678183090141,7.71742314029578,20.1989837492958,19.5666988287324,1661.50708,2015-04-09,"Casanare",1525.9,1898,0.4111,1781.25,4,"d",0.1476,4,2
"156","XC245534",1,2015,20.8678183090141,7.71742314029578,20.1989837492958,19.5666988287324,1661.50708,2015-04-09,"Casanare",1525.9,1898,0.4111,1781.25,4,"d",0.1476,4,2
"157","XC245534",1,2015,20.8678183090141,7.71742314029578,20.1989837492958,19.5666988287324,1661.50708,2015-04-09,"Casanare",1265.3,1935.2,1.9397,1687.5,4,"t",0.1054,4,2
"158","XC245534",1,2015,20.8678183090141,7.71742314029578,20.1989837492958,19.5666988287324,1661.50708,2015-04-09,"Casanare",1265.3,1935.2,1.9397,1687.5,4,"t",0.1476,4,2
"159","XC245534",1,2015,20.8678183090141,7.71742314029578,20.1989837492958,19.5666988287324,1661.50708,2015-04-09,"Casanare",1265.3,1935.2,1.9397,1687.5,4,"t",0.1476,4,2
"160","XC245534",1,2015,20.8678183090141,7.71742314029578,20.1989837492958,19.5666988287324,1661.50708,2015-04-09,"Casanare",1302.6,1860.8,0.3795,1687.5,4,"d",0.1054,4,2
"161","XC245534",1,2015,20.8678183090141,7.71742314029578,20.1989837492958,19.5666988287324,1661.50708,2015-04-09,"Casanare",1302.6,1860.8,0.3795,1687.5,4,"d",0.1476,4,2
"162","XC245534",1,2015,20.8678183090141,7.71742314029578,20.1989837492958,19.5666988287324,1661.50708,2015-04-09,"Casanare",1302.6,1860.8,0.3795,1687.5,4,"d",0.1476,4,2
"163","XC245534",1,2015,20.8678183090141,7.71742314029578,20.1989837492958,19.5666988287324,1661.50708,2015-04-09,"Casanare",1651.7,1975.6,0.137,1875,4,"a",0.1054,4,2
"164","XC245534",1,2015,20.8678183090141,7.71742314029578,20.1989837492958,19.5666988287324,1661.50708,2015-04-09,"Casanare",1651.7,1975.6,0.137,1875,4,"a",0.1476,4,2
"165","XC245534",1,2015,20.8678183090141,7.71742314029578,20.1989837492958,19.5666988287324,1661.50708,2015-04-09,"Casanare",1651.7,1975.6,0.137,1875,4,"a",0.1476,4,2
"166","XC245534",1,2015,20.8678183090141,7.71742314029578,20.1989837492958,19.5666988287324,1661.50708,2015-04-09,"Casanare",1228.1,1860.8,0.4744,1593.75,4,"d",0.1054,4,2
"167","XC245534",1,2015,20.8678183090141,7.71742314029578,20.1989837492958,19.5666988287324,1661.50708,2015-04-09,"Casanare",1228.1,1860.8,0.4744,1593.75,4,"d",0.1476,4,2
"168","XC245534",1,2015,20.8678183090141,7.71742314029578,20.1989837492958,19.5666988287324,1661.50708,2015-04-09,"Casanare",1228.1,1860.8,0.4744,1593.75,4,"d",0.1476,4,2
"169","XC245534",2,2015,20.8678183090141,7.71742314029578,20.1989837492958,19.5666988287324,1661.50708,2015-04-09,"Casanare",1414.2,2009.7,0.39,1781.25,4,"d",0.1845,4,2
"170","XC245534",2,2015,20.8678183090141,7.71742314029578,20.1989837492958,19.5666988287324,1661.50708,2015-04-09,"Casanare",1414.2,2009.7,0.39,1781.25,4,"d",0.1054,4,2
"171","XC245534",2,2015,20.8678183090141,7.71742314029578,20.1989837492958,19.5666988287324,1661.50708,2015-04-09,"Casanare",1414.2,2009.7,0.39,1781.25,4,"d",0.116,4,2
"172","XC245534",2,2015,20.8678183090141,7.71742314029578,20.1989837492958,19.5666988287324,1661.50708,2015-04-09,"Casanare",1451.4,2009.7,0.1265,1875,4,"a",0.1845,4,2
"173","XC245534",2,2015,20.8678183090141,7.71742314029578,20.1989837492958,19.5666988287324,1661.50708,2015-04-09,"Casanare",1451.4,2009.7,0.1265,1875,4,"a",0.1054,4,2
"174","XC245534",2,2015,20.8678183090141,7.71742314029578,20.1989837492958,19.5666988287324,1661.50708,2015-04-09,"Casanare",1451.4,2009.7,0.1265,1875,4,"a",0.116,4,2
"175","XC245534",2,2015,20.8678183090141,7.71742314029578,20.1989837492958,19.5666988287324,1661.50708,2015-04-09,"Casanare",1488.6,1935.2,0.116,1781.25,4,"d",0.1845,4,2
"176","XC245534",2,2015,20.8678183090141,7.71742314029578,20.1989837492958,19.5666988287324,1661.50708,2015-04-09,"Casanare",1488.6,1935.2,0.116,1781.25,4,"d",0.1054,4,2
"177","XC245534",2,2015,20.8678183090141,7.71742314029578,20.1989837492958,19.5666988287324,1661.50708,2015-04-09,"Casanare",1488.6,1935.2,0.116,1781.25,4,"d",0.116,4,2
"178","XC245534",2,2015,20.8678183090141,7.71742314029578,20.1989837492958,19.5666988287324,1661.50708,2015-04-09,"Casanare",1153.7,1860.8,0.4217,1593.75,4,"d",0.1845,4,2
"179","XC245534",2,2015,20.8678183090141,7.71742314029578,20.1989837492958,19.5666988287324,1661.50708,2015-04-09,"Casanare",1153.7,1860.8,0.4217,1593.75,4,"d",0.1054,4,2
"180","XC245534",2,2015,20.8678183090141,7.71742314029578,20.1989837492958,19.5666988287324,1661.50708,2015-04-09,"Casanare",1153.7,1860.8,0.4217,1593.75,4,"d",0.116,4,2
"181","XC245534",2,2015,20.8678183090141,7.71742314029578,20.1989837492958,19.5666988287324,1661.50708,2015-04-09,"Casanare",1377,1898,0.4006,1687.5,4,"d",0.1845,4,2
"182","XC245534",2,2015,20.8678183090141,7.71742314029578,20.1989837492958,19.5666988287324,1661.50708,2015-04-09,"Casanare",1377,1898,0.4006,1687.5,4,"d",0.1054,4,2
"183","XC245534",2,2015,20.8678183090141,7.71742314029578,20.1989837492958,19.5666988287324,1661.50708,2015-04-09,"Casanare",1377,1898,0.4006,1687.5,4,"d",0.116,4,2
"184","XC245534",2,2015,20.8678183090141,7.71742314029578,20.1989837492958,19.5666988287324,1661.50708,2015-04-09,"Casanare",1153.7,1935.2,1.9502,1687.5,4,"t",0.1845,4,2
"185","XC245534",2,2015,20.8678183090141,7.71742314029578,20.1989837492958,19.5666988287324,1661.50708,2015-04-09,"Casanare",1153.7,1935.2,1.9502,1687.5,4,"t",0.1054,4,2
"186","XC245534",2,2015,20.8678183090141,7.71742314029578,20.1989837492958,19.5666988287324,1661.50708,2015-04-09,"Casanare",1153.7,1935.2,1.9502,1687.5,4,"t",0.116,4,2
"187","XC245534",3,2015,20.8678183090141,7.71742314029578,20.1989837492958,19.5666988287324,1661.50708,2015-04-09,"Casanare",1454.8,2060.1,0.1054,1875,4,"a",0.0316,4,2
"188","XC245534",3,2015,20.8678183090141,7.71742314029578,20.1989837492958,19.5666988287324,1661.50708,2015-04-09,"Casanare",1454.8,2060.1,0.1054,1875,4,"a",0.1792,4,2
"189","XC245534",3,2015,20.8678183090141,7.71742314029578,20.1989837492958,19.5666988287324,1661.50708,2015-04-09,"Casanare",1454.8,2060.1,0.1054,1875,4,"a",0.1423,4,2
"190","XC245534",3,2015,20.8678183090141,7.71742314029578,20.1989837492958,19.5666988287324,1661.50708,2015-04-09,"Casanare",1270.6,2033.8,1.9766,1687.5,4,"t",0.0316,4,2
"191","XC245534",3,2015,20.8678183090141,7.71742314029578,20.1989837492958,19.5666988287324,1661.50708,2015-04-09,"Casanare",1270.6,2033.8,1.9766,1687.5,4,"t",0.1792,4,2
"192","XC245534",3,2015,20.8678183090141,7.71742314029578,20.1989837492958,19.5666988287324,1661.50708,2015-04-09,"Casanare",1270.6,2033.8,1.9766,1687.5,4,"t",0.1423,4,2
"193","XC245534",3,2015,20.8678183090141,7.71742314029578,20.1989837492958,19.5666988287324,1661.50708,2015-04-09,"Casanare",1454.8,1902.2,0.5376,1781.25,4,"d",0.0316,4,2
"194","XC245534",3,2015,20.8678183090141,7.71742314029578,20.1989837492958,19.5666988287324,1661.50708,2015-04-09,"Casanare",1454.8,1902.2,0.5376,1781.25,4,"d",0.1792,4,2
"195","XC245534",3,2015,20.8678183090141,7.71742314029578,20.1989837492958,19.5666988287324,1661.50708,2015-04-09,"Casanare",1454.8,1902.2,0.5376,1781.25,4,"d",0.1423,4,2
"196","XC245534",3,2015,20.8678183090141,7.71742314029578,20.1989837492958,19.5666988287324,1661.50708,2015-04-09,"Casanare",1296.9,1902.2,0.4849,1593.75,4,"d",0.0316,4,2
"197","XC245534",3,2015,20.8678183090141,7.71742314029578,20.1989837492958,19.5666988287324,1661.50708,2015-04-09,"Casanare",1296.9,1902.2,0.4849,1593.75,4,"d",0.1792,4,2
"198","XC245534",3,2015,20.8678183090141,7.71742314029578,20.1989837492958,19.5666988287324,1661.50708,2015-04-09,"Casanare",1296.9,1902.2,0.4849,1593.75,4,"d",0.1423,4,2
"199","XC245534",3,2015,20.8678183090141,7.71742314029578,20.1989837492958,19.5666988287324,1661.50708,2015-04-09,"Casanare",1402.2,1849.6,0.4533,1687.5,4,"d",0.0316,4,2
"200","XC245534",3,2015,20.8678183090141,7.71742314029578,20.1989837492958,19.5666988287324,1661.50708,2015-04-09,"Casanare",1402.2,1849.6,0.4533,1687.5,4,"d",0.1792,4,2
"201","XC245534",3,2015,20.8678183090141,7.71742314029578,20.1989837492958,19.5666988287324,1661.50708,2015-04-09,"Casanare",1402.2,1849.6,0.4533,1687.5,4,"d",0.1423,4,2
"202","XC245584",1,2015,20.8678183090141,7.71742314029578,20.1989837492958,19.5666988287324,2847.764648,2015-04-11,"Casanare",1746.2,2167.2,0.3634,1968.75,3,"d",0.0726,4,2
"203","XC245584",1,2015,20.8678183090141,7.71742314029578,20.1989837492958,19.5666988287324,2847.764648,2015-04-11,"Casanare",1746.2,2167.2,0.3634,1968.75,3,"d",0.0391,4,2
"204","XC245584",1,2015,20.8678183090141,7.71742314029578,20.1989837492958,19.5666988287324,2847.764648,2015-04-11,"Casanare",1325.1,1851.4,0.4266,1593.75,3,"d",0.0726,4,2
"205","XC245584",1,2015,20.8678183090141,7.71742314029578,20.1989837492958,19.5666988287324,2847.764648,2015-04-11,"Casanare",1325.1,1851.4,0.4266,1593.75,3,"d",0.0391,4,2
"206","XC245584",1,2015,20.8678183090141,7.71742314029578,20.1989837492958,19.5666988287324,2847.764648,2015-04-11,"Casanare",1285.2,1992.4,0.5027,1781.25,3,"d",0.0726,4,2
"207","XC245584",1,2015,20.8678183090141,7.71742314029578,20.1989837492958,19.5666988287324,2847.764648,2015-04-11,"Casanare",1285.2,1992.4,0.5027,1781.25,3,"d",0.0391,4,2
"208","XC245584",1,2015,20.8678183090141,7.71742314029578,20.1989837492958,19.5666988287324,2847.764648,2015-04-11,"Casanare",1274.3,2130.3,1.4132,1781.25,3,"t",0.0726,4,2
"209","XC245584",1,2015,20.8678183090141,7.71742314029578,20.1989837492958,19.5666988287324,2847.764648,2015-04-11,"Casanare",1274.3,2130.3,1.4132,1781.25,3,"t",0.0391,4,2
"210","XC245584",2,2015,20.8678183090141,7.71742314029578,20.1989837492958,19.5666988287324,2847.764648,2015-04-11,"Casanare",1762.6,2116.2,0.5586,1968.75,3,"d",0.0223,4,2
"211","XC245584",2,2015,20.8678183090141,7.71742314029578,20.1989837492958,19.5666988287324,2847.764648,2015-04-11,"Casanare",1762.6,2116.2,0.5586,1968.75,3,"d",0.0223,4,2
"212","XC245584",2,2015,20.8678183090141,7.71742314029578,20.1989837492958,19.5666988287324,2847.764648,2015-04-11,"Casanare",1353.3,1855.7,0.4748,1593.75,3,"d",0.0223,4,2
"213","XC245584",2,2015,20.8678183090141,7.71742314029578,20.1989837492958,19.5666988287324,2847.764648,2015-04-11,"Casanare",1353.3,1855.7,0.4748,1593.75,3,"d",0.0223,4,2
"214","XC245584",2,2015,20.8678183090141,7.71742314029578,20.1989837492958,19.5666988287324,2847.764648,2015-04-11,"Casanare",1446.3,1892.9,0.4469,1781.25,3,"d",0.0223,4,2
"215","XC245584",2,2015,20.8678183090141,7.71742314029578,20.1989837492958,19.5666988287324,2847.764648,2015-04-11,"Casanare",1446.3,1892.9,0.4469,1781.25,3,"d",0.0223,4,2
"216","XC245584",2,2015,20.8678183090141,7.71742314029578,20.1989837492958,19.5666988287324,2847.764648,2015-04-11,"Casanare",1334.7,2134.8,1.4914,1781.25,3,"t",0.0223,4,2
"217","XC245584",2,2015,20.8678183090141,7.71742314029578,20.1989837492958,19.5666988287324,2847.764648,2015-04-11,"Casanare",1334.7,2134.8,1.4914,1781.25,3,"t",0.0223,4,2
"218","XC245584",3,2015,20.8678183090141,7.71742314029578,20.1989837492958,19.5666988287324,2847.764648,2015-04-11,"Casanare",1305.1,1993.6,0.4022,1781.25,3,"d",0.095,4,2
"219","XC245584",3,2015,20.8678183090141,7.71742314029578,20.1989837492958,19.5666988287324,2847.764648,2015-04-11,"Casanare",1305.1,1993.6,0.4022,1781.25,3,"d",0.0335,4,2
"220","XC245584",3,2015,20.8678183090141,7.71742314029578,20.1989837492958,19.5666988287324,2847.764648,2015-04-11,"Casanare",1249.3,2161.1,1.4858,1781.25,3,"t",0.095,4,2
"221","XC245584",3,2015,20.8678183090141,7.71742314029578,20.1989837492958,19.5666988287324,2847.764648,2015-04-11,"Casanare",1249.3,2161.1,1.4858,1781.25,3,"t",0.0335,4,2
"222","XC245584",3,2015,20.8678183090141,7.71742314029578,20.1989837492958,19.5666988287324,2847.764648,2015-04-11,"Casanare",1267.9,1807.6,0.4915,1593.75,3,"d",0.095,4,2
"223","XC245584",3,2015,20.8678183090141,7.71742314029578,20.1989837492958,19.5666988287324,2847.764648,2015-04-11,"Casanare",1267.9,1807.6,0.4915,1593.75,3,"d",0.0335,4,2
"224","XC245584",3,2015,20.8678183090141,7.71742314029578,20.1989837492958,19.5666988287324,2847.764648,2015-04-11,"Casanare",1640.1,2179.7,0.486,1968.75,3,"d",0.095,4,2
"225","XC245584",3,2015,20.8678183090141,7.71742314029578,20.1989837492958,19.5666988287324,2847.764648,2015-04-11,"Casanare",1640.1,2179.7,0.486,1968.75,3,"d",0.0335,4,2
"226","XC769052",1,2022,20.8678183090141,7.71742314029578,20.1989837492958,19.5666988287324,130.9077148,2022-11-13,"Cesar",1421.5,1962.8,0.5805,1636.523,3,"d",0.0055,11,2
"227","XC769052",1,2022,20.8678183090141,7.71742314029578,20.1989837492958,19.5666988287324,130.9077148,2022-11-13,"Cesar",1421.5,1962.8,0.5805,1636.523,3,"d",0.0329,11,2
"228","XC769052",1,2022,20.8678183090141,7.71742314029578,20.1989837492958,19.5666988287324,130.9077148,2022-11-13,"Cesar",1514.3,1916.4,0.7612,1808.789,3,"d",0.0055,11,2
"229","XC769052",1,2022,20.8678183090141,7.71742314029578,20.1989837492958,19.5666988287324,130.9077148,2022-11-13,"Cesar",1514.3,1916.4,0.7612,1808.789,3,"d",0.0329,11,2
"230","XC769052",1,2022,20.8678183090141,7.71742314029578,20.1989837492958,19.5666988287324,130.9077148,2022-11-13,"Cesar",1436.9,1931.9,1.9989,1808.789,3,"t",0.0055,11,2
"231","XC769052",1,2022,20.8678183090141,7.71742314029578,20.1989837492958,19.5666988287324,130.9077148,2022-11-13,"Cesar",1436.9,1931.9,1.9989,1808.789,3,"t",0.0329,11,2
"232","XC769052",1,2022,20.8678183090141,7.71742314029578,20.1989837492958,19.5666988287324,130.9077148,2022-11-13,"Cesar",1498.8,1978.3,0.6024,1722.656,3,"d",0.0055,11,2
"233","XC769052",1,2022,20.8678183090141,7.71742314029578,20.1989837492958,19.5666988287324,130.9077148,2022-11-13,"Cesar",1498.8,1978.3,0.6024,1722.656,3,"d",0.0329,11,2
"234","XC769052",2,2022,20.8678183090141,7.71742314029578,20.1989837492958,19.5666988287324,130.9077148,2022-11-13,"Cesar",1406,1931.9,0.6298,1636.523,3,"d",0.011,11,2
"235","XC769052",2,2022,20.8678183090141,7.71742314029578,20.1989837492958,19.5666988287324,130.9077148,2022-11-13,"Cesar",1406,1931.9,0.6298,1636.523,3,"d",0.0055,11,2
"236","XC769052",2,2022,20.8678183090141,7.71742314029578,20.1989837492958,19.5666988287324,130.9077148,2022-11-13,"Cesar",1452.4,1978.3,0.6846,1722.656,3,"d",0.011,11,2
"237","XC769052",2,2022,20.8678183090141,7.71742314029578,20.1989837492958,19.5666988287324,130.9077148,2022-11-13,"Cesar",1452.4,1978.3,0.6846,1722.656,3,"d",0.0055,11,2
"238","XC769052",2,2022,20.8678183090141,7.71742314029578,20.1989837492958,19.5666988287324,130.9077148,2022-11-13,"Cesar",1436.9,1947.4,1.8949,1722.656,3,"t",0.011,11,2
"239","XC769052",2,2022,20.8678183090141,7.71742314029578,20.1989837492958,19.5666988287324,130.9077148,2022-11-13,"Cesar",1436.9,1947.4,1.8949,1722.656,3,"t",0.0055,11,2
"240","XC769052",2,2022,20.8678183090141,7.71742314029578,20.1989837492958,19.5666988287324,130.9077148,2022-11-13,"Cesar",1607.1,1978.3,0.586,1722.656,3,"d",0.011,11,2
"241","XC769052",2,2022,20.8678183090141,7.71742314029578,20.1989837492958,19.5666988287324,130.9077148,2022-11-13,"Cesar",1607.1,1978.3,0.586,1722.656,3,"d",0.0055,11,2
"242","XC769052",3,2022,20.8678183090141,7.71742314029578,20.1989837492958,19.5666988287324,130.9077148,2022-11-13,"Cesar",1390.5,1916.4,0.6134,1636.523,3,"d",0.0164,11,2
"243","XC769052",3,2022,20.8678183090141,7.71742314029578,20.1989837492958,19.5666988287324,130.9077148,2022-11-13,"Cesar",1390.5,1916.4,0.6134,1636.523,3,"d",0.0329,11,2
"244","XC769052",3,2022,20.8678183090141,7.71742314029578,20.1989837492958,19.5666988287324,130.9077148,2022-11-13,"Cesar",1406,1962.8,0.6846,1808.789,3,"d",0.0164,11,2
"245","XC769052",3,2022,20.8678183090141,7.71742314029578,20.1989837492958,19.5666988287324,130.9077148,2022-11-13,"Cesar",1406,1962.8,0.6846,1808.789,3,"d",0.0329,11,2
"246","XC769052",3,2022,20.8678183090141,7.71742314029578,20.1989837492958,19.5666988287324,130.9077148,2022-11-13,"Cesar",1390.5,1931.9,1.8511,1808.789,3,"t",0.0164,11,2
"247","XC769052",3,2022,20.8678183090141,7.71742314029578,20.1989837492958,19.5666988287324,130.9077148,2022-11-13,"Cesar",1390.5,1931.9,1.8511,1808.789,3,"t",0.0329,11,2
"248","XC769052",3,2022,20.8678183090141,7.71742314029578,20.1989837492958,19.5666988287324,130.9077148,2022-11-13,"Cesar",1560.7,1962.8,0.5203,1808.789,3,"d",0.0164,11,2
"249","XC769052",3,2022,20.8678183090141,7.71742314029578,20.1989837492958,19.5666988287324,130.9077148,2022-11-13,"Cesar",1560.7,1962.8,0.5203,1808.789,3,"d",0.0329,11,2
"250","XC771976",1,2022,20.8678183090141,7.71742314029578,20.1989837492958,19.5666988287324,107.6432419,2022-11-11,"Cesar",1392.1,1785.2,0.3289,1636.523,3,"d",0.1257,11,2
"251","XC771976",1,2022,20.8678183090141,7.71742314029578,20.1989837492958,19.5666988287324,107.6432419,2022-11-11,"Cesar",1392.1,1785.2,0.3289,1636.523,3,"d",0.1838,11,2
"252","XC771976",1,2022,20.8678183090141,7.71742314029578,20.1989837492958,19.5666988287324,107.6432419,2022-11-11,"Cesar",1359.4,1850.7,1.4025,1636.523,3,"t",0.1257,11,2
"253","XC771976",1,2022,20.8678183090141,7.71742314029578,20.1989837492958,19.5666988287324,107.6432419,2022-11-11,"Cesar",1359.4,1850.7,1.4025,1636.523,3,"t",0.1838,11,2
"254","XC771976",1,2022,20.8678183090141,7.71742314029578,20.1989837492958,19.5666988287324,107.6432419,2022-11-11,"Cesar",1375.7,1752.4,0.3966,1550.391,3,"d",0.1257,11,2
"255","XC771976",1,2022,20.8678183090141,7.71742314029578,20.1989837492958,19.5666988287324,107.6432419,2022-11-11,"Cesar",1375.7,1752.4,0.3966,1550.391,3,"d",0.1838,11,2
"256","XC771976",1,2022,20.8678183090141,7.71742314029578,20.1989837492958,19.5666988287324,107.6432419,2022-11-11,"Cesar",1555.9,1850.7,0.3289,1722.656,3,"d",0.1257,11,2
"257","XC771976",1,2022,20.8678183090141,7.71742314029578,20.1989837492958,19.5666988287324,107.6432419,2022-11-11,"Cesar",1555.9,1850.7,0.3289,1722.656,3,"d",0.1838,11,2
"258","XC771976",2,2022,20.8678183090141,7.71742314029578,20.1989837492958,19.5666988287324,107.6432419,2022-11-11,"Cesar",1392.1,1867.1,1.2864,1636.523,3,"t",0.2418,11,2
"259","XC771976",2,2022,20.8678183090141,7.71742314029578,20.1989837492958,19.5666988287324,107.6432419,2022-11-11,"Cesar",1392.1,1867.1,1.2864,1636.523,3,"t",0.1741,11,2
"260","XC771976",2,2022,20.8678183090141,7.71742314029578,20.1989837492958,19.5666988287324,107.6432419,2022-11-11,"Cesar",1572.3,1850.7,0.2418,1722.656,3,"d",0.2418,11,2
"261","XC771976",2,2022,20.8678183090141,7.71742314029578,20.1989837492958,19.5666988287324,107.6432419,2022-11-11,"Cesar",1572.3,1850.7,0.2418,1722.656,3,"d",0.1741,11,2
"262","XC771976",2,2022,20.8678183090141,7.71742314029578,20.1989837492958,19.5666988287324,107.6432419,2022-11-11,"Cesar",1392.1,1785.2,0.3385,1550.391,3,"d",0.2418,11,2
"263","XC771976",2,2022,20.8678183090141,7.71742314029578,20.1989837492958,19.5666988287324,107.6432419,2022-11-11,"Cesar",1392.1,1785.2,0.3385,1550.391,3,"d",0.1741,11,2
"264","XC771976",2,2022,20.8678183090141,7.71742314029578,20.1989837492958,19.5666988287324,107.6432419,2022-11-11,"Cesar",1392.1,1834.3,0.3192,1636.523,3,"d",0.2418,11,2
"265","XC771976",2,2022,20.8678183090141,7.71742314029578,20.1989837492958,19.5666988287324,107.6432419,2022-11-11,"Cesar",1392.1,1834.3,0.3192,1636.523,3,"d",0.1741,11,2
"266","XC771976",3,2022,20.8678183090141,7.71742314029578,20.1989837492958,19.5666988287324,107.6432419,2022-11-11,"Cesar",1359.4,1850.7,1.3638,1636.523,3,"t",0.0967,11,2
"267","XC771976",3,2022,20.8678183090141,7.71742314029578,20.1989837492958,19.5666988287324,107.6432419,2022-11-11,"Cesar",1359.4,1850.7,1.3638,1636.523,3,"t",0.1354,11,2
"268","XC771976",3,2022,20.8678183090141,7.71742314029578,20.1989837492958,19.5666988287324,107.6432419,2022-11-11,"Cesar",1572.3,1834.3,0.3385,1722.656,3,"d",0.0967,11,2
"269","XC771976",3,2022,20.8678183090141,7.71742314029578,20.1989837492958,19.5666988287324,107.6432419,2022-11-11,"Cesar",1572.3,1834.3,0.3385,1722.656,3,"d",0.1354,11,2
"270","XC771976",3,2022,20.8678183090141,7.71742314029578,20.1989837492958,19.5666988287324,107.6432419,2022-11-11,"Cesar",1310.2,1752.4,0.4256,1550.391,3,"d",0.0967,11,2
"271","XC771976",3,2022,20.8678183090141,7.71742314029578,20.1989837492958,19.5666988287324,107.6432419,2022-11-11,"Cesar",1310.2,1752.4,0.4256,1550.391,3,"d",0.1354,11,2
"272","XC771976",3,2022,20.8678183090141,7.71742314029578,20.1989837492958,19.5666988287324,107.6432419,2022-11-11,"Cesar",1375.7,1850.7,0.4062,1636.523,3,"d",0.0967,11,2
"273","XC771976",3,2022,20.8678183090141,7.71742314029578,20.1989837492958,19.5666988287324,107.6432419,2022-11-11,"Cesar",1375.7,1850.7,0.4062,1636.523,3,"d",0.1354,11,2
